<?xml version="1.0" encoding="UTF-8"?>
<!DOCTYPE hibernate-configuration PUBLIC "-//Hibernate/Hibernate Configuration DTD 3.0//EN"
                                         "http://www.hibernate.org/dtd/hibernate-configuration-3.0.dtd">
<hibernate-configuration>
 <session-factory name="">
  <property name="hibernate.connection.driver_class">com.mysql.jdbc.Driver</property>
  <property name="hibernate.connection.url">jdbc:mysql://localhost/</property>
  <property name="hibernate.connection.username">root</property>
  <property name="hibernate.default_schema">bdEmpresasABC</property>
  <property name="hibernate.dialect">org.hibernate.dialect.MySQLDialect</property>
  <property name="hibernate.hbm2ddl.auto">none</property>
  <property name="hibernate.search.autoregister_listeners">true</property>
  <property name="hibernate.validator.apply_to_ddl">false</property>
  <property name="hibernate.show_sql">true</property>
  <mapping resource="Clientes.hbm.xml"/>
 </session-factory>
</hibernate-configuration>
