<?xml version="1.0" encoding="UTF-8" standalone="no"?>
<!-- Generated 26 ene 2024 13:50:31 by Hibernate Tools 6.3.1.Final --><!DOCTYPE hibernate-mapping PUBLIC "-//Hibernate/Hibernate Mapping DTD 3.0//EN" "http://www.hibernate.org/dtd/hibernate-mapping-3.0.dtd">
<hibernate-mapping>
    <class catalog="bdEmpresasABC" name="Clientes" optimistic-lock="none" table="Clientes">
        <id name="codCliente" type="string">
            <column length="5" name="codCliente"/>
            <generator class="assigned"/>
        </id>
        <property name="nombre" type="string">
            <column length="50" name="nombre" not-null="true"/>
        </property>
        <property name="codRepresentante" type="string">
            <column length="5" name="codRepresentante" not-null="true"/>
        </property>
        <property name="limiteCredito" type="java.lang.Double">
            <column name="limiteCredito" precision="22" scale="0"/>
        </property>
    </class>
</hibernate-mapping>
