<?xml version="1.0" encoding="UTF-8" standalone="no"?>
<!-- Generated 27 feb 2024 12:37:42 by Hibernate Tools 6.3.1.Final --><!DOCTYPE hibernate-mapping PUBLIC "-//Hibernate/Hibernate Mapping DTD 3.0//EN" "http://www.hibernate.org/dtd/hibernate-mapping-3.0.dtd">
<hibernate-mapping>
    <class catalog="bdEmpresasABC" name="Productos" optimistic-lock="none" table="Productos">
        <composite-id class="ProductosId" name="id">
            <key-property name="idFabricante" type="string">
                <column length="5" name="idFabricante"/>
            </key-property>
            <key-property name="idProducto" type="string">
                <column length="20" name="idProducto"/>
            </key-property>
        </composite-id>
        <property name="descripcion" type="string">
            <column length="50" name="descripcion" not-null="true"/>
        </property>
        <property name="precioCompra" type="double">
            <column name="precioCompra" not-null="true" precision="22" scale="0"/>
        </property>
        <property name="existencias" type="int">
            <column name="existencias" not-null="true"/>
        </property>
    </class>
</hibernate-mapping>
